number_team,nickname
1,The Juggernauts
4,Team 4 ELEMENT
8,Paly Robotics
11,MORT
16,Bomb Squad
20,The Rocketeers
21,ComBBAT
25,Raider Robotix
27,Team RUSH
28,Pierson Whalers
31,Prime Movers
33,Killer Bees
34,Rockets
41,RoboWarriors
45,TechnoKats Robotics Team
48,Team E.L.I.T.E.
51,Wings of Fire
56,R.O.B.B.E.
58,The Riot Crew
59,RamTech
60,Kingman FIRST Robotics Team 60 (The Bionic Bulldogs)
61,The Intimidators
66,Grizzly Robotics
67,The HOT Team
68,Truck Town Thunder
69,HYPER
70,More Martians
71,Team Hammond
74,Team CHAOS
75,RoboRaiders
78,AIR STRIKE
79,Team 79 Krunch
85,B.O.B. (Built on Brains)
86,Team Resistance
87,Diablo
88,TJ²
93,NEW Apple Corps
94,The  TechnoJays
95,Grasshoppers
97,Bionic Beef
100,The Wildhats
102,The Gearheads
103,Cybersonics
107,Team R.O.B.O.T.I.C.S.
108,SigmaC@T Robotics Team
111,WildStang
112,Plus One
114,Eaglestrike
115,MVRT
116,Epsilon Delta
117,Steel Dragons Robotics
118,Robonauts
120,Youth Tech Academy Red Dragons
122,NASA Knights
123,Team - Cosmos
125,NUTRONs
126,Gael Force
128,The Botcats
131,CHAOS
133,B.E.R.T.
135,Penn Robotics Black Knights
138,Entropy
141,WOBOT
144,Operation Orange
148,Robowranglers
151,Tough Techs
155,The TechnoNuts
157,AZTECHS
159,Alpine Robotics
166,Chop Shop
167,Children of the Corn
171,Cheese Curd Herd
172,Northern Force
173,RAGE Robotics ⚙️
175,Buzz Robotics
176,Aces High
177,Bobcat Robotics
178,The 2nd Law Enforcers
179,Children of the Swamp
180,S.P.A.M.
181,Birds Of Prey
188,Blizzard
190,Gompei and the H.E.R.D.
191,X-CATS
192,GRT
193,MORT Beta
195,CyberKnights
199,Deep Blue
201,The FEDS
203,SOUPERBOTS
204,Eastern Robotic Vikings
216,More RoboDawgs
217,ThunderChickens
219,Team Impact 219
222,Tigertrons
223,Xtreme Heat
226,Hammerheads
228,GUS
229,Division By Zero
230,Gaelhawks
231,High Voltage
233,The Pink Team
234,Cyber Blue
236,Techno-Ticks
237,Black Magic Robotics
238,Crusaders
240,TEMPEST
244,RoboDawgs 3D
245,Adambots
246,Lobstah Bots
247,Team 247 Da Bears
250,The Dynamos
253,Boba Bots
254,The Cheesy Poofs
263,Aftershock
271,Mechanical Marauders
272,Cyber Crusaders
280,TnT
281,The GreenVillains
287,Floyd Robotics
288,The RoboDawgs
291,CIA - Creativity In Action
292,PantherTech
293,SPIKE
294,Beach Cities Robotics
296,Northern Knights
302,The Dragons
303,The T.E.S.T. Team
308,Monsters
314,The Megatron Oracles
316,LUNATECS
319,Big Bad Bob
321,RoboLancers
323,Lights Out
324,Chips
325,Respawn Robotics
328,Penn Robotics Golden Rooks
329,Mohawks
333,MEGALODONS
334,TechKnights
335,Skillz Tech Gear Botz
339,Kilroy Robotics
340,G.R.R. (Greater Rochester Robotics)
341,Miss Daisy
342,Burning Magnetos
343,Metal-In-Motion
346,RoboHawks
348,Norwell Robotics
353,POBots
354,G-House Pirates
358,Robotic Eagles
359,Hawaiian Kids
360,The Revolution
364,Team Fusion 364
365,Miracle Workerz
368,Team Kika Mana
369,High Voltage Robotics
378,The Circuit Stompers
379,The RoboCats
386,Team Voltage
395,2 Train Robotics
399,Eagle Robotics
401,Copperhead Robotics
404,⚒️   404 ART  ⚒️
418,Purple Haze
422,The Mech Tech Dragons
423,Simple Machines FRC 423
424,Rust Belt Robotics
427,LANCE-A-LOT
428,BoroBlasters
433,Firebirds
435,Robodogs
447,Team Roboto
449,The Blair Robot Project
451,The Cat Attack
453,Rockem Sockem Robotics
456,Siege Robotics
457,⚙️ Grease Monkeys ⚙️
461,Westside Boiler Invasion
467,Colonials
469,Las Guerrillas
484,Roboforce
486,Positronic Panthers
488,Team XBOT
492,Titan Robotics Club
494,Martians
496,Royals
498,The Cobra Commanders
501,The PowerKnights
503,Frog Force
509,Red Storm
514,Entropy
525,Swartdogs
527,Red Dragons
533,The PSIcotics
537,Charger Robotics
538,Renaissance Robotics
539,Titan Robotics
540,TALON 540 Godwin Robotics
545,ROBO-DAWGS
547,Falcon Engineering And Robotics
548,Robostangs
554,The Blue Grease Crew
555,Montclair Robotics
558,Elm City Robo Squad
564,Longwood RoboLions
568,Nerds of the North
569,Rambots 569
571,Team Paragon Robotics
573,Mech Warriors
578,R-cubed  - Red Raider Robotics
581,Blazing Bulldogs
587,The Hedgehogs
589,Falkon Robotics
590,Chahta Warriors
597,The Wolverines
599,The Robodox
601,BayBots
604,Quixilver
610,Crescent Coyotes
611,Saxons
612,Chantilly Robotics
614,Night Hawks
617,Enginerds
619,Cavalier Robotics
620,Warbots
623,Oakton Cougar Robotics
624,CRyptonite
639,Code Red Robotics
640,Edison Robotics
648,QC ELITE  Flaming Squirrels
649,MSET Fish
662,Rocky Mountain Robotics
663,Power Sharks
668,The Apes of Wrath
670,Homestead Robotics
677,Murphy's Outlaws
686,Bovine Intervention
687,The Nerd Herd
691,Project 691 Robotics
694,StuyPulse
695,Bison Robotics
696,Circuit Breakers
698,Hamilton Microbots
701,RoboVikes
702,Bagel Bytes
706,Cyberhawks
708,Hatters Robotics
709,Femme Tech Fatale
714,Panthera
716,Who'sCTEKS
743,Technobots
744,Shark Attack
749,Ctrl V
751,barn2robotics
752,The Chargers
753,High Desert Droids
766,M-A Bears
771,SWAT
772,Sabre Bytes Robotics
781,Kinetic Knights
801,Horsepower
806,The Brooklyn Blacksmiths
810,The Mechanical Bulls
811,Wild Cards
812,The Midnight Mechanics
815,Advanced Power
816,Anomaly
818,The Steel Armadillos
829,The Digital Goats
830,The RatPack
832,OSCAR
834,SparTechs
836,The RoboBees
839,Rosie Robotics
840,Aragon Robotics Team
841,The BioMechs
846,The Funky Monkeys
847,PHRED
852,Acropolis Robotics
854,Iron Bears
857,Superior Roboworks
858,Demons Robotics
862,Lightning Robotics
865,WARP7
867,Absolute Value
868,TechHOUNDS
870,TEAM  R. I. C. E.
871,Robotechs
876,Thunder Robotics
877,Pi Rho 'botics @ North Star
884,Mechanical Mules
888,Robotiators
894,The Power Chargers
900,The Zebracorns
904,D Cubed
910,The Foley Freeze
930,Mukwonago BEARs
931,Perpetual Chaos
935,RaileRobotics
937,Nerd Herd
948,NRG (Newport Robotics Group)
949,Wolverine Robotics
955,Ctrl C
957,SWARM - South and West Albany Robotics Maniacs
967,Iron Lions
968,RAWC (Robotics Alliance Of West Covina)
971,Spartan Robotics
972,Iron Claw
973,Greybots
977,Cometbots
980,ThunderBots
987,HIGHROLLERS
988,Steel Phoenix
991,BroncoBots
997,Spartan Robotics
999,MechaRAMS
1002,CircuitRunners Robotics
1011,CRUSH
1014,Bad Robots
1018,Pike RoboDevils
1023,Bedford Express
1024,Kil-A-Bytes
1025,Impi Robotics
1027,Mechatronic Maniacs
1038,Lakota Robotics
1051,Technical Terminators
1056,Hot Rocks
1058,PVC Pirates
1071,Team MAX
1072,Harker Robotics
1073,The Force Team
1076,Pi Hi Samurai
1086,Blue Cheese
1089,Team Mercury
1091,Oriole Assault
1099,DiscoTechs
1100,Inverse Polarity
1102,M'Aiken Magic
1108,Panther Robotics
1111,Power Hawks Robotics
1114,Simbotics
1119,Pup Cups
1126,SPARX 1126
1138,Eagle Engineering
1143,Cruzin' Comets
1148,Harvard Westlake Robotics
1153,Timberwolves
1155,SciBorgs
1156,Under Control
1159,Ramona Rampage
1160,Titanium Robotics
1164,Project NEO
1165,Team Paradise
1168,Malvern Robotics
1178,DURT  (De Smet Ultimate Robotics Team)
1188,Ravens
1189,Gearheads
1197,TorBots
1208,Metool Brigade
1209,Robo Hornets
1212,Sentinels
1218,SCH Robotics
1225,The Gorillas
1241,THEORY6
1246,Agincourt Skunkworks
1247,"Blood, Sweat, and Gears"
1250,Gator-Bots
1255,Blarglefish
1257,Parallel Universe
1259,Paradigm Shift
1261,Robo Lions
1262,the STAGS
1266,The Devil Duckies
1277,The Robotomies
1279,Cold Fusion
1280,Ragin' C-Biscuits
1285,The Biggest Birds
1287,Aluminum Assault
1288,RAVEN Robotics
1293,Pandamaniacs
1294,Pack of Parts
1296,Full Metal Jackets
1303,WYOHAZARD
1305,Ice Cubed
1306,BadgerBOTS
1307,Robosaints
1308,Saint Ignatius High School Robotics Team
1310,Runnymede Robotics
1317,Digital Fusion
1318,Issaquah Robotics Society
1319,Flash
1322,GRAYT Leviathons (Genesee Robotics Area Youth Team)
1323,MadTown Robotics
1325,Inverse Paradox
1329,ViPrs
1334,Red Devils
1339,AngelBotics
1350,The Rambots
1351,TKO
1359,Scalawags
1360,Orbit Robotics
1369,Minotaur
1388,Eagle Robotics
1389,The Body Electric
1391,The Metal Moose
1403,Team 1403 Cougar Robotics
1405,Finney Falcons
1410,The Kraken
1414,IHOT
1418,Vae Victis
1421,Team CHAOS
1422,The Neon Knights
1425,Error Code Xero
1446,Robo Knights
1450,XQ Robotix
1452,Omnicats
1458,Red Tie Robotics
1466,Webb Robotics
1468,Hicksville J-Birds
1474,Titans
1477,Texas Torque
1481,The Riveters
1493,Falcons
1501,Team THRUST
1502,Technical Difficulties
1504,Desperate Penguins
1506,Metal Muscle
1507,Warlocks
1511,Rolling Thunder
1512,The Big Red
1515,MorTorq
1518,Raider Robotics
1522,DOTM - Defenders of the Multiverse
1523,MARS (Mega Awesome Robotic Systems)
1528,MTR (Monroe Trojan Robotics)
1533,Triple Strange
1538,The Holy Cows
1539,Clover Eagle Robotics
1540,Flaming Chickens
1546,"Chaos, Inc."
1554,Oceanside Kraken
1555,CryoFrost
1557,12 Volt Bolt
1559,Devil Tech
1561,Roboducks
1566,AMMOKNIGHTS
1569,Haywire Robotics
1572,The Hammer Heads
1574,MisCar
1576,Voltrix
1577,Steampunk
1580,The Blue Monkeys
1585,Scitobor Robotics
1591,Greece Gladiators
1592,Bionic Tigers
1595,The Dragons
1596,The Instigators
1599,CircuiTree
1601,Quantum Samurai
1610,⛴ Blackwater Robotics ⛴
1619,Up-A-Creek Robotics
1622,Team Spyder
1625,Winnovation
1626,Falcon Robotics
1629,Garrett Coalition (GaCo)
1640,Sab-BOT-age
1646,Precision Guessworks
1647,Iron Devils
1648,G3 Robotics
1657,Hamosad
1661,Griffitrons
1662,Raptor Force Engineering
1671,Buchanan Bird Brains
1672,Robo T-Birds
1675,UPS (Ultimate Protection Squad)
1676,The Pascack PI-oneers
1678,Citrus Circuits
1683,Techno Titans
1684,The Chimeras
1690,Orbit
1699,Robocats
1700,Gatorbotics
1701,RoboCubs
1706,Ratchet Rockers
1708,AMP'D Robotics
1710,The Ravonics Revolution
1711,RAPTORS
1712,Dawgma
1714,MORE Robotics
1716,Redbird Robotics
1718,The Fighting Pi
1719,The Umbrella Corporation
1720,PhyXTGears
1721,Tidal Force
1723,The FBI - FIRST Bots of Independence
1726,N.E.R.D.S. (Nifty Engineering Robotics Design Squad)
1727,REX
1729,Team Inconceivable!
1730,Team Driven
1731,Fresta Valley Robotics Club
1732,Hilltopper Robotics
1735,Green Reapers
1736,Robot Casserole
1739,Chicago Knights Robotics
1740,Cyber Colonels
1741,Red Alert
1744,Robo-Rays Robotics
1745,The P-51 Mustangs
1746,OTTO
1747,Harrison Boiler Robotics
1756,Argos
1757,Wolverines
1758,Technomancers
1759,Potatoes
1761,STEAMpunk Tigers
1763,Paséliens
1764,Liberty Robotics
1768,Nashoba Robotics
1769,Digital Hawks
1771,North Gwinnett Robotics
1772,The Brazilian Trail Blazers
1775,Tigerbytes
1778,Chill Out
1781,Lindblom Electric Eagles
1785,Blue Springs Robocats
1787,The Flying Circuits
1792,Round Table Robotics
1793,The Aviators
1795,Team Clutch
1796,RoboTigers
1797,Phoenix
1799,Wired-Up!
1802,Team Stealth
1803,Vikings
1806,S.W.A.T.
1807,Redbird Robotics
1810,CATATRONICS
1811,FRESH
1816,"The Green Machine"
1818,Team Talos
1819,The Quacken
1822,Electric Calamari
1825,The Cyborgs
1827,THE HIVE
1828,BoxerBots
1831,Screaming Eagles
1836,The MilkenKnights
1847,W.R.A.T.H
1860,Alphabots
1868,Space Cookies
1880,Warriors of East Harlem
1884,Griffins
1885,Comet Robotics
1891,Bullbots
1895,Lambda Corps
1899,Saints Robotics
1902,Exploding Bacon
1908,ShoreBots
1912,Team Combustion
1915,MTHS Firebird Robotics
1918,NC GEARS
1922,Oz-Ram
1923,The MidKnight Inventors
1927,Tempest
1937,Elysium
1939,THE KUHNIGITS
1940,Tech Tigers 1940
1942,Cinderella Tel-Nof
1943,Neat Team
1954,ElectroBunny
1965,Firebirds
1967,The Janksters
1972,Searing Engineering
1977,The PowerSquids
1982,Cougar Robotics
1983,Skunk Works Robotics
1986,Team Titanium
1987,Broncobots
1991,Dragons
1994,Quixote
1997,STAGROBOTICS
2001,HERMES
2010,The Lightning Bots
2013,Cybergnomes
2016,Mighty Monkey Wrenches
2022,Titan Robotics
2027,Robotic Dragons
2028,Phantom Robotics
2035,Rockin' Bots
2036,The Black Knights
2039,Rockford Robotics
2040,DERT - Dunlap Eagles Robotics Team
2046,Bear Metal
2048,The Pink Panthers
2052,KnightKrawler
2053,Southern Tier Robotics
2054,Tech Vikes
2056,OP Robotics
2059,The Hitchhikers
2062,CORE 2062
2064,The Panther Project
2067,Apple Pi
2068,Metal Jackets
2073,EagleForce
2075,Enigma Robotics
2077,Laser Robotics
2079,4H ALARM Robotics
2080,Torbotics
2083,Team Blitz
2084,Robots by the C
2090,Buff 'n Blue
2095,Direct Current
2096,RoboActive
2102,Team Paradox
2106,The Junkyard Dogs
2122,Team Tators
2129,Ultraviolet
2130,Alpha+
2135,Presentation Invasion
2137,The Oxford RoboCats
2141,Spartonics
2143,Team Tobor
2145,HAZMATS
2147,CHUCK
2151,Monty Pythons
2152,S*M*A*S*H
2158,the ausTIN CANs
2161,Robocats 9th Street Automotive, County Line Hardware, Sign-a-rama
2165,BisonBots
2168,Aluminum Falcons
2169,KING TeC
2170,Galvanized Guardians
2171,RoboDogs
2172,Steel Unit-E
2175,The Fighting Calculators
2177,The Robettes
2180,Zero Gravity
2181,GEARS
2183,Tigerbots
2186,Dogs of Steel
2190,Team Hero
2191,Flux Core
2194,Fondy Fire
2197,Las Pumas
2198,Paradigm Shift Robotics
2199,Robo-Lions
2200,MMRambotics
2202,BEAST Robotics
2204,Rambots
2207,Bright Bears
2212,The Spikes
2220,Blue Twilight
2221,FHS Robodawgs
2224,RoboPhoenix
2225,Rebel Robotics
2227,Tigers
2228,CougarTech
2230,General Angels
2231,OnyxTronix
2234,Alternating Current
2239,Technocrats
2240,Brute Force
2246,The Army of Sum
2252,The Mavericks
2259,1/4 Twenties
2261,Casa Robotics
2262,Robo-Panthers
2264,Trojan Robotics
2265,Fe Maidens
2283,Panteras
2288,Hydra Robotics
2333,S.C.R.E.E.C.H.
2337,EngiNERDs
2338,Gear It Forward
2340,Xcentrics -Mercy Robotics
2341,Sprockets
2342,Team Phoenix
2344,The Saunders Droid Factory
2345,Kearnage
2347,Trial and Error
2348,Mechahunes
2352,Metal Mayhem
2357,System Meltdown
2358,Bearbotics
2359,RoboLobos
2363,Triple Helix Robotics
2367,Lancer Robotics
2370,IBOTS
2373,The Crickets
2374,Jesuit Robotics
2375,Dragon Robotics
2377,C Company
2383,Ninjineers
2386,Trojans
2393,Robotichauns
2395,OKC 4-H Robotics - Ninja Munkees
2399,The Fighting Unicorns
2403,Plasma Robotics
2404,Team NEY Techs (TNT)
2405,Techno Trojans
2408,Shrapnel Sergeants
2410,Blue Valley CAPS Metal Mustang Robotics
2412,Robototes
2415,WiredCats
2421,RTR Team Robotics
2423,The KwarQs
2429,La Cañada Engineering Club
2438,'Iobotics
2441,Spartechs
2443,Blue Thunder
2445,RoboKAP
2450,Wind Chill
2457,The Law
2458,Team Chaos
2465,KauaiBots
2468,Team Appreciate
2470,Team BJORG
2471,Team Mean Machine
2472,Centurions
2473,Goldstrikers
2477,Marauder Rascals
2478,Westwood Robotics
2481,Roboteers
2485,W.A.R. Lords
2486,CocoNuts
2487,Mechanical Animals
2489,The Insomniacs
2491,NoMythic
2495,Hive Mind
2498,BearBotics
2500,Herobotics
2501,Bionic Polars
2502,Talon Robotics
2503,Warrior Robotics
2506,Saber Robotics
2508,Armada
2509,Tigerbots
2511,Cougars
2512,Duluth East Daredevils
2513,T.E.R.T.O.L.A.
2515,MR.E
2518,Spartan Robotics
2521,SERT
2522,Royal Robotics
2523,Tech Storm
2526,Crimson Robotics
2530,Inconceivable
2531,RoboHawks
2534,Lumberjack Robotics
2537,Space RAIDers
2538,The Plaid Pillagers
2539,Krypton Cougars
2543,TitanBot
2549,Millerbots
2550,Skynet
2551,Penguin Empire
2554,The Warhawks
2556,RadioActive Roaches
2557,SOTAbots
2559,Normality Zero
2560,RoboDog
2574,RoboHuskie
2577,Pingry Robotics
2582,PantherBots
2583,Orange Dynamite
2584,Flame of The West
2585,Impact
2586,Copper Bots
2587,DiscoBots
2590,Nemesis
2591,RedTails
2594,Naskcorpions
2601,Steel Hawks
2603,Steel Stingers
2604,Metal and Soul
2606,Irish Robotics
2607,The Fighting RoboVikings
2609,BeaverworX
2611,Jacktown Vectors
2613,Protobots
2614,Mountaineer Area RoboticS (MARS)
2619,The Charge
2620,Titans
2626,Evolution
2630,Thunderbolts
2634,The Gryphons
2635,Lake Monsters
2637,Phantom Catz
2638,Rebel Robotics
2640,HOTBOTZ
2641,Central Catholic Robotics
2642,Pitt Pirates
2643,Dark Matter
2647,Cyborg Mustangs
2648,Infinite Loop
2654,Polar Rams
2656,Quasics
2657,Team Thundercats
2658,Σ-Motion
2659,RoboWarriors
2662,RoboKrew
2667,Knights of the Valley
2673,Tenacious Technicians
2679,Atlantis
2687,Team Apprentice
2689,Team Alpha
2702,Rebels
2704,Roaring Robotics
2706,Merge Robotics
2708,Lake Effect Robotics
2710,JetStream
2712,Power Surge 4-H Robotics
2713,Red Hawk Robotics
2714,♨️ BBQ ♨️
2718,Team OKC e'possums (Σ 1/n! x 10^3)
2720,Red Watch Robotics
2722,Charge Robotics
2725,Ice Princesses
2733,Pigmice
2767,Stryke Force
2771,Code Red Robotics the Stray Dogs
2773,IronDogz
2783,Engineers of Tomorrow
2789,TEXPLOSION
2791,Shaker Robotics
2797,Knight & Nerdy
2811,StormBots
2813,Gear Heads
2815,Blue Devil Mechanics
2823,The Automatons
2826,Wave Robotics
2827,The Tiki Bots
2830,Riverside RoboTigers
2832,The Livonia Warriors
2834,Bionic Black Hawks
2839,Daedalus
2840,PCDS Blue Tide
2846,FireBears
2847,The MegaHertz
2848,Rangers
2849,Ursa Major
2851,Crevolution
2852,DM High Voltage
2853,Hot Spot Robotics
2854,The Prototypes
2855,BEASTBOT
2856,Planetary Drive
2861,Infinity's End
2867,ElkLogics
2869,Regal Eagles
2872,CyberCats
2875,CyberHawks
2876,DevilBotz
2877,LigerBots
2879,Oriole Robotics
2881,Lady Cans
2882,Nuts n' Boltz
2883,F.R.E.D (FIRST Robotics Engineering and Design)
2890,The Hawk Collective
2895,Blazenbots
2896,MechaMonarchs
2898,Flying Hedgehogs
2900,The Mighty Penguins
2903,NeoBots
2905,Sultans of Turkiye
2906,Sentinel Prime Robotics
2907,Lion Robotics
2909,Zebra Bots
2910,Jack in the Bot
2912,Panther Robotics
2914,TIGER PRIDE
2915,Pandamonium
2926,Robo Sparks
2927,NEST Robotics
2928,Viking Robotics
2929,Emeral Ridge JAGBOTS
2930,Sonic Squirrels
2935,NACI Robotics
2945,Steel Mustangs
2950,Devastators
2959,Robotarians
2960,Automation Nation
2963,AnaDroids
2969,Aftermath
2972,Gears and Buccaneers
2973,Mad Rockers
2974,Walton Robotics
2976,The Spartabots
2977,Sir Lancer Bots
2978,Cavaliers
2980,Whidbey Island Wildcats
2984,Vikings Robotics
2987,Rogue Robotics
2988,RoboRiot
2990,Hotwire
2992,The S.S. Prometheus
2996,Cougars Gone Wired
2998,VikingBots
3003,TAN(X)
3004,Bronx Knights
3005,RoboChargers
3006,Red Rock Robotics
3007,Robotitans
3008,Team Magma
3009,High Scalers
3015,Ranger Robotics
3017,Patriots
3018,Nordic Storm
3019,Firebirds
3020,SMbld
3023,STARK Industries
3024,My Favorite Team
3026,Orange Crush Robotics
3029,Mecha Titans
3035,Droid Rage
3038,ICE
3039,Wildcat Robotics
3042,Cobalt Catalysts
3044,Team 0xBE4
3045,Gear Gremlins
3049,BremerTron
3053,VB Stingers
3055,Furious George
3058,ANNDROIDS
3061,Huskie Robotics
3065,Jatt High School
3067,Robovikes
3070,Team Pronto 3070
3075,Ha-Dream Team
3082,Chicken Bot Pie
3083,Artemis
3090,Chaotic Robotics
3091,100 Scholars
3096,The Village Bulldogs
3098,Waterford Robotics
3100,Lightning Turtles
3102,Tech-No-Tigers
3110,SeaBots
3117,Harfangs
3122,The Alluminators
3128,The Aluminum Narwhals
3130,The ERRORs
3132,Thunder Down Under
3134,The Accelerators
3136,Official Robotics Constructors of Ashland
3137,T-Birds
3138,Innovators Robotics
3139,Oxford Omega
3140,Flagship
3142,Aperture
3146,GRANBY GRUNTS
3147,Munster Horsepower
3158,PrepaTec - TECBOT
3160,F. R. O. G. - FIRST Robotics Organization of Grove
3161,Tronic Titans
3163,ROARBOTS
3164,Stealth Tigers
3166,First Year Ravens
3171,HURRICANES
3172,HorsePOWER
3173,IgKnighters
3175,Knight Vision
3176,Purple Precision
3179,The A.N.T.
3181,Pittsford Panthers
3182,Athena's Warriors
3184,Blaze Robotics
3187,Arcadia Titan Robotics
3189,Circuit Breakers
3193,Falco Tech
3196,Team SPORK
3197,HexHounds
3200,Raptacon
3201,Ross Rambotics
3202,KnightBots
3204,Steampunk Penguins
3205,Patriots
3206,Royal T-Wrecks
3211,The Y Team
3212,YME Stingbots
3216,Missoula Robotics Team (MRT)
3218,Panther Robotics
3219,"TREAD (Trojan Robotics, Engineering, Art, & Design)"
3229,Hawktimus Prime
3234,Red Arrows
3242,ILLUMICATS
3243,Amperes
3245,Ravens
3247,Robopack
3255,SuperNURDs
3256,WarriorBorgs
3257,Vortechs
3260,SHARP
3267,Mariner Robotics
3268,Valhallabots
3275,The Regulators
3276,TOOLCATS
3277,ProDigi
3278,The Electric Lakers
3284,Camdenton  LASER 3284
3288,Punchers
3291,Au Pirates
3293,OtterBots
3294,Backwoods Engineers
3295,STEMdroids
3297,Full Metal Jackets
3298,ArrowBots
3300,Midwest WARRIORS
3302,TurboTrojans
3309,Friarbots
3310,Black Hawk Robotics
3313,Mechatronics
3314,Mechanical Mustangs
3316,D-Bug
3322,Eagle Evolution
3323,Potential Energy
3324,The Metrobots
3328,NohoRobo
3329,Wildbots
3336,Zimanators
3339,BumbleB
3340,Union City MagneGeeks
3341,Option 16
3344,Space Dragons
3349,Static
3352,3352 Flaming Monkeys 4-H Robotics Club
3354,PrepaTec-TecDroid
3357,COMETS
3359,Royal Robotics
3360,Hyperion
3361,Governators
3373,Team RoboHawk
3374,Jackson Hole RoboBroncs
3381,Droid Rage
3388,Flash in memory of Margarita Gusak
3390,ANATOLIAN EAGLEBOTS
3393,Horns of Havoc
3397,Robolions
3405,ALChemists
3407,Wild Cards
3408,cyberCubs
3414,Hackbots
3418,RoboRiot
3419,RoHawks
3451,The ANOMALY
3452,GreengineerZ
3454,Z Bots
3458,Code Blue
3459,Team PyroTech
3461,Operation PEACCE Robotics
3464,Sim-City
3465,The Omega Factor
3467,Windham Windup
3468,MAGNAtech
3472,PrepaTec - Buluk
3473,Team Sprocket
3476,Code Orange
3478,PrepaTec - LamBot
3480,PrepaTec - ABTOMAT
3481,Bronc Botz
3482,Arrowbotics
3484,Short Circuit
3487,Red Pride Robotics
3488,Eagle Army
3489,Category 5
3490,Viper Drive
3491,FUTURE Dinos
3492,Putnam Area Robotics Team (P.A.R.T.s)
3494,The Quadrangles
3501,Firebots
3504,Girls of Steel
3506,YETI Robotics
3507,Ubotics
3512,Spartatroniks
3515,Pneubotic Mustangs
3522,CBoT´S4
3526,PrepaTec - Blue Ignition
3527,PrepaTec - Balam Esmeralda
3532,Piranhas
3533,Mekano
3534,House of Cards
3536,Electro Eagles
3537,Delta Force 3537
3538,RoboJackets
3539,Byting Bulldogs
3543,C4 Robotics
3544,Spartiates
3546,Buc'n'Gears
3550,Robotronix
3559,Thundercats
3560,Chingbotics
3561,RoboRaiders
3566,Gone Fishin'
3568,RoboEagles
3572,Wavelength
3574,HIGH TEKERZ
3577,Saint's Robotics
3588,the Talon
3596,Rocket Robotics
3597,Robo-Rangers
3598,SEStematic Eliminators
3602,RoboMos
3603,Cyber Coyotes
3604,Goon Squad
3606,BearMetal
3610,Islanders
3616,Team Phenomena 3616
3618,Petoskey Paladins
3619,Blackhawks
3620,Average Joes
3623,The Robomingos
3624,ThunderColts
3627,The Jungle Robotics
3630,Stampede
3632,D-Techs
3634,Spark City
3635,Flying Legion
3636,Generals
3637,The Daleks
3641,The Flying Toasters
3646,INTEGRA BAHCESEHIR
3647,Millennium Falcons
3648,Sparta Robotica
3654,TechTigers
3655,Tractor Technicians
3656,Dexter Dreadbots
3658,Robo - Beavers
3660,LIGHTSABERS
3663,CPR - Cedar Park Robotics
3667,Mecanum Knights
3668,TroBots
3669,CarbonKnights
3673,C.Y.B.O.R.G. Seagulls
3674,CloverBots
3676,Redshift Robotics
3679,rattlers
3680,Elemental Dragons
3681,Robo-Raiders
3683,Team DAVE
3688,Norsemen
3691,RoboRaiders
3692,Rock N' Robotics
3695,Foximus Prime
3704,RoboSapiens
3707,TechnoDogs
3712,RoboCats
3719,STEM Whalers
3721,Charger Robotics
3723,TEKnights
3728,Momentum
3729,The Raiders
3734,StarBots
3735,VorTX
3737,Roto Raptors
3739,Oakbotics
3740,Storm Robotics
3743,Eagle Bots
3748,Ragnarok Robotics
3749,Team Optix
3751,Tower View Robotics
3753,BulahBots!
3755,Dragon Robotics
3756,RamFerno
3759,SMARTBOTS
3760,AeroBots
3767,TC Titans
3770,BlitzCreek
3773,Arrowhead Robotics
3777,Bean City Bots
3786,Chargers
3792,Army Ants
3793,CyberTitans
3794,Prepa Tecmilenio WinT
3799,Electric Fire
3802,✨RoboPOP✨
3807,Overland BlazerBots
3814,PiBotics
3815,NF Raiders
3821,Pirabots
3822,Neon Krakens
3824,HVA RoHAWKtics
3826,Sequim Robotics Federation "SRF"
3835,Vulcan
3838,Roc City Robotix
3843,ROBO RACERS
3847,Spectrum   -△◅
3848,Bots in Shining Armour
3853,Pridetronics
3859,Wolfpack Robotics
3863,Pantherbotics
3865,Riley WildBots
3871,Trojan Robotics #3871
3875,Red Storm Robotics
3876,Mabton LugNutz
3880,Tiki Techs
3881,WHEA Sharkbots
3882,Lunas
3883,Data Bits
3890,Breaking Away
3891,Rodeo Robotics
3925,Circuit of Life
3926,MPArors
3928,Team Neutrino
3931,Cockadoodle Dominators
3932,The Dirty Mechanics
3933,PrepaTec - Taman Keet
3936,RoboBlitz 3936
3937,Breakaway
3939,Botetourt 4-H Robotics
3940,CyberTooth
3944,All Knights
3947,The Last Crusaders
3950,RoboGym Robotics
3951,SUITS
3952,Troy Robotics
3954,4-H Electrotechs
3958,Schrodinger's Cat
3959,Mech Tech
3965,Sultans
3966,L&N STEMpunks
3970,Duncan Dynamics
3975,Les Dragons
3976,Electric Hornets
3984,Topper Robotics
3985,Sonic Howl
3986,Express-O
3990,Tech for Kids
3993,Humanoids
3996,RIKITIK
4003,TriSonics
4004,M.A.R.S. Rovers
4005,Hostile Gato Robotics
4008,Theodore Roosevelt's Disco Haircut
4009,Duluth DNA Robotics
4010,PrepaTec - Nautilus
4011,πρbοtics   (Pi Robotics)
4012,Bad News Bots
4013,Clockwork Mania
4014,Pixelators
4015,Jag
4019,Mechanical Paradise
4020,Cyber Tribe
4021,igKnightion
4024,TechnoSaints
4026,Decatur Robotics
4027,Centre Punch
4028,The Beak Squad
4039,MakeShift Robotics
4041,Iron Tigers
4043,NerdHerd
4048,Redshift
4050,Biohazard
4054,Phoenix Robotics
4060,Bearcat Robotics
4061,SciBorgs
4063,TriKzR4Kidz
4065,Nerds of Prey
4068,Bearbotics
4069,Lo-Ellen Robotics
4079,Quantum Leap
4085,Technical Difficulties
4087,Voodoo Voltage
4089,Stealth Robotics
4091,DRIFT
4093,Hardwired
4096,Ctrl-Z
4099,The Falcons
4104,Cheney Circuit Cyclone-4104
4107,Team Storm 4107
4112,EagleBots
4118,Roaring Riptide
4121,Viking  Robotics
4122,Ossining O-Bots
4123,Tribe Robotics
4125,Confidential
4127,LoggerBots
4130,The Blue Devils
4131,Iron Patriots
4135,Iron Patriots
4141,Monarch Robotics
4143,MARS/WARS
4145,WorBots
4146,Sabercats
4150,FRobotics
4152,Hoya Robotics
4153,Project Y
4159,CardinalBotics
4160,The RoBucs
4166,Robostang
4169,Warrior Robotics
4171,BayBots
4173,IMVERT (Mount Vernon Robotics Team)
4174,Mustang Robotics
4175,Coded Summit
4176,Iron Tigers
4179,Tahisco Techs
4180,Iron Riders
4181,Quack Attack
4182,Viking Robotics
4183,Bit Buckets
4186,Alameda Aztechs
4187,RoboRams
4188,Columbus Space Program
4189,Chargers
4191,IMC
4192,Jaguar Robotics
4198,RoboCats 4198
4201,The Vitruvian Bots
4206,Robo Vikes
4207,PyroBotics
4213,MetalCow Robotics
4215,TRIBOTS
4216,Blue Ops Robotics
4219,RED!
4225,RoboCats
4226,Huskies
4229,Magnetech
4230,TopperBots
4237,Team Lance-A-Bot
4238,Resistance Robotics
4239,WARPSPEED
4240,TroTek Warriors
4251,The Gallup GearHeads
4253,Raid Zero
4255,Robodores
4256,Cyborg Cats
4260,BEAR (Blue Earth Area Robotics)
4265,Secret City Wildbots
4269,CardinalBots
4270,Crusaders
4272,Maverick Robotics
4276,Surf City Vikings
4277,Thingamajiggers
4285,Camo-Bots
4286,Imperial Robotics
4290,Bots on Wheels
4293,Komodo
4295,Hudson Stingers
4299,BCS RoboSharks
4306,Robokomodos
4308,ABSOLUTE ROBOTICS
4311,Swampscott Currents
4314,Springfield Urban League Abe-Ro-Bots
4319,Ladies FIRST
4320,The Joker
4322,Clockwork
4325,RoboRangers
4327,Q Branch
4328,Furious Falcons
4329,Lutheran Roboteers
4330,Rambunction
4332,RoboCats
4336,Ramageddon Robotics
4337,Red Devil robotics
4338,Falcons
4342,Demon Robotics
4343,MaxTech
4348,Bonneville Bots
4355,CP-BOTS - Peñoles
4360,Spudnik
4361,Roxbotix
4362,CSPA Gems
4364,Metal Jackets
4371,Prepa Tecmilenio - ART Mx
4373,RooBotics
4375,Westend Gearbusters
4377,Boyne City Blaze
4381,Twisted Devils
4382,Team Trobot
4384,Benzene Bots
4388,Ridgebotics
4390,ATA  Coregears
4391,BraveBots
4392,The Deceivers
4395,Dundee Vi-Borgs
4398,Gladiators
4400,Cerbotics - Peñoles
4401,CETMOV - Peñoles
4403,PrepaTec - ROULT - Peñoles
4405,The Atoms Family
4414,HighTide
4415,EPIC Robotz
4416,Skynet
4418,Team IMPULSE
4419,Team Rewind
4421,FORGE Robotics
4422,Twisted Angels
4450,Olympia Robotics Federation
4451,ROBOTZ Garage
4453,The Red Hot Chili Bots
4455,The Burger Bots
4456,Mech Cadets
4458,Infernobotix
4459,LeoTechs
4462,Full Metal Jackets
4464,Team Illusion
4467,Titanium Titans
4468,Fernbank LINKS
4469,R.A.I.D. (Raider Artificial Intelligence Division)
4470,TiGears
4472,SuperNOVA
4473,Delta Prime Robotics 4-H
4476,W.A.F.F.L.E.S.
4480,UC-Botics
4481,Team Rembrandts
4485,Tribe Tech Robotics
4488,Shockwave
4499,The Highlanders
4500,RoboHounds
4501,Humans
4504,B. C. Robotics
4505,McDonogh Robotics
4509,Mechanical Bulls
4511,Power Amplified
4512,Otter Chaos
4513,Circuit Breakers
4516,Hyperion
4522,Team SCREAM
4523,MCROBO
4531,STEAMpunk
4533,Phoenix
4534,Wired Wizards
4536,MinuteBots
4537,RoboRoos
4539,KAOTIC Robotics
4541,CAVineers
4546,Shockwave
4550,Something's Bruin
4561,TerrorBytes
4562,Sentinel Robotics
4564,Orange Chaos
4565,Skyline Robotics
4567,The Mechanized Mafia
4568,Robot Commander
4571,Rambots
4572,BArlow RobAutics
4573,Rambotics
4575,Gemini
4576,Red Nation Robotics
4579,RoboEagles
4580,Conductors
4584,SentinelFox Engineering
4585,Husky Robotics
4586,PRIMO
4587,Jersey Voltage 4587
4590,GreenBlitz
4593,Rapid Acceleration
4597,SABERBOTS
4598,ICARUS INNOVATED
4601,Circuit Birds
4603,Forza One - Peñoles
4607,C.I.S.
4610,BearTecs
4611,OZone
4613,Barker Redbacks
4617,DAUN
4619,HawkBots
4622,Academy at the Lakes Wildcats
4623,Flyer Robotics
4624,Rebel Alliance
4627,Manning Robotics
4630,Robodragons
4632,Monti-Pythons
4635,PrepaTec - Botbusters
4637,BambieBotz
4638,Jagbots
4639,The RoboSpartans
4641,TALON inc.
4643,Butte Built Bots
4645,The Chicago Style BotDogs
4646,Wildcard Robotics
4652,Ironmen 2
4653,Ironmen Robotics
4655,Stateline Robotics
4656,Rock Solid Robotics
4661,The Red Pirates
4662,Byte Sized Robotics
4663,Cyber Tigers
4664,Butler Bots
4669,Galileo Robotics
4674,RoboJacks
4678,CyberCavs
4680,AzTech Eagles
4682,CyBears
4688,Saints Bot
4692,Metal Mallards
4693,Talk Nerdy to Me
4698,Raider Robotics
4701,Warriors (Team W.I.R.E.)
4702,Cyberdogz
4703,Menahga Gigabot$
4711,The Flying Aces
4717,Westerner Robotics
4723,Prepa Tecmilenio - EARTH - 4723
4728,ROCORI Ratcheteers
4729,EMU Robotics
4730,Terminators
4731,PrepaTec - MONARCH-E
4734,The Iron Plainsmen
4735,Prepa Tecmilenio - DEROF - Peñoles
4737,Atomigators
4738,Patribots
4739,Normanhurst Nitro
4741,WingNuts
4744,Ninjas
4750,Bert
4758,RoboBlazers
4761,The Robockets
4764,The Memphis MechWarriors
4765,PWRUP
4766,Team SCREAM Jr.
4768,Cody Comets
4774,The Drop Bears
4775,Aztech Robotics
4776,S.C.O.T.S. Bots
4778,Stormbots
4779,RoboSapiens
4782,PrepaTec - Borrebots
4786,Nicolet FEAR
4787,Axiom
4788,Can't Control
4795,Eastbots
4809,Black Knight Robotics
4810,I AM Robot
4816,Gadget Girls
4817,One Degree North
4821,cyberUs
4827,Minerbotics
4828,RoboEagles
4829,Titanium Tigers
4835,Junkyard Dawgs
4838,Outlaws
4851,JungleBots
4854,Trobots
4855,Ramageddon
4859,The CyBears
4861,Beastbots
4903,Mustangs
4904,Bot-Provoking
4905,Andromeda One
4906,The Collective
4907,Thunderstamps
4908,Duxbury Dragons
4909,Bionics
4911,CyberKnights
4915,Spartronics
4917,Sir Lancerbot
4918,The Roboctopi
4919,Team Ronin
4920,Belle River Boltheads
4925,The Resistance
4926,GalacTech
4930,Electric Mayhem
4931,Edwardsville Technologies
4935,T-Rex
4940,Knight Vision
4944,The Hi Fives
4946,The Alpha Dogs
4947,Fenix
4951,CDS Cyclones
4952,Les Carnicas
4955,LA Tech
4956,RoboSharks
4959,Millennium Falcons
4961,Shock and Awe-sum
4964,Roosevelt Robotics
4967,That ONE Team-OurNextEngineers
4972,BORUSAN ROBOTICS
4973,Gator Gears
4976,Revolt Robotics
4980,Canine Crusaders
4982,Olympus Robotics
4983,IronBots
4984,Bullseye
4987,MegaRams
4988,Yooper Troopers
4990,Forty-Nine Ninety
4991,Horsepower
4992,Sparbotics
4994,Kingston Robo-Cards
4998,TESLA
4999,Momentum
5000,Hammerheads
5002,Dragon Robotics
5005,Boyd-Buchanan Robotics
5010,Tiger Dynasty
5012,Gryffingear
5013,Trobots
5016,Huntington Robotics
5019,Gearbox Heroes
5024,Raider Robotics
5025,Pacific Steel
5026,Iron Panthers
5027,Event Horizon (5027)
5031,Full Metal Mustangs
5032,Falcons
5036,The Robo Devils
5041,CyBears
5045,SpartaBot
5046,Jacked Up Jackets
5049,Minerbots
5050,Cow Town Robotics
5052,The RoboLobos
5053,Lakers
5056,MegaHurtz Robotics
5059,The Midnight Cicadas
5060,IgKnight
5065,Knights #5065
5066,Singularity
5067,Steiner Steel Storm
5070,Gearnotics
5071,Charger Robotics
5074,RoboMustangs
5084,Team FridgeBot
5086,Cadillac Connectors
5089,Robo-Nerds
5090,TorqueNados
5096,The Teutonic Force
5098,STING - R
5099,Northport Robotics
5103,Jaegernauts
5104,BreakerBots
5109,Gladiator Robotics
5110,Robo Herd
5112,The Gongoliers
5113,Combustible Lemons
5114,Titanium Tigers
5115,Knight Riders
5119,Team STEAM
5123,Mechadogs
5124,West Torrance Robotics
5125,Hawks on the Horizon
5126,Electromagnetic Panthers (EMP)
5130,Undercogs
5133,PrepaTec - Blue Steel
5135,Black Unicorns
5136,MechaPirates
5137,Iron Kodiaks
5141,GRIFFINITE
5142,Robo Dominators
5143,GRG Raw Steel
5144,LISD TECHnicians
5145,WolfBotics
5147,Hornets
5148,New Berlin Blitz
5149,TroyBotics
5150,Hybrid Hornets
5152,Alotobots
5160,Chargers
5162,The Big Red Theory
5166,Fabricators
5167,Vi-Bots
5171,Deus Ex Machina
5172,Gators
5176,RoboBills
5181,Explorer Robotics
5182,Chieftainators
5183,Devil Bots
5188,Area 5188: Classified Robotics
5189,Team K.I.S.S.
5190,Falcon Fury
5193,Pantheon
5197,Northwestern
5199,Robot Dolphins From Outer Space
5205,FullMetal-Jackets
5212,TAMSformers Robotics
5213,St. Ignace SHIELD
5214,The Mighty CavBots
5216,E-Ville Empire
5217,Robocats
5219,TeknoSquad
5225,The Shambotz
5227,Eagle Elite
5229,Heritage Hawkbots
5231,The Radical Jays
5232,Talons
5234,MarauderBots
5235,Gears of Fortune
5239,Harper Woods Steamworks
5243,Aegis Robotics
5247,Red Devil Robotics
5248,Robo-Saxons
5253,Bigfork Backwoods Bots 5253
5256,Atomics
5260,Sentinels: Owosso Legion
5261,Cyber Shock
5263,Robo-Bucs
5265,Radical Impact
5268,The BioMech Falcons
5271,Open Circuits
5274,Wolverine Robotics
5275,T.I.M.E.-Bots
5276,Edgar Allan Ohms
5278,Los Clasicos
5282,Railroader Robotics
5285,Sea Kings Robotics
5291,Emperius
5293,Metal Crusaders
5295,Aldernating Current
5298,E-TECH CHARGERS
5310,Mecha Ravens
5312,Lobotics - Peñoles
5314,Ice Bots
5331,Lightning Bots
5338,ACL RoboLoCo
5339,Hurricanes
5347,Gryphons
5348,Charger Robotics
5401,Fightin' Robotic Owls
5402,Wreckless Robotics
5406,Celt-X
5407,Wolfpack Robotics
5408,KENNEDY KINETIX
5409,Chargers
5410,Eaglebotics
5411,RoboTalons
5413,Stellar Robotics
5414,Pearadox
5417,Eagle Robotics
5419,Berkelium
5421,BirchBots
5422,Stormgears FRC
5424,Rogue Robots
5427,Steel Talons
5429,Black Knights
5430,Pirate Robolution
5431,Titan Robotics
5434,Falcon Robotics
5436,Cyber Cats
5437,Rocky Balboabots
5438,Technological Terrors
5439,Huskies
5440,Les Chevaliers
5442,Mechanical Monarchy
5443,Les PATenteux
5449,Prototype
5454,Obsidian
5457,Falcobots
5458,Digital Minds
5459,Ipswich TIGERS
5460,Strike Zone
5461,Victorian Engineered Robotic Nation or V.E.R.N.
5462,2PawR (2Paw Robotics)
5464,Bluejacket Robotics
5467,RoboTractors
5468,Chaos Theory
5470,The Cowpunchers
5472,The Wyld Stallyns
5474,Clairemonster
5478,Pershing Doughbots
5480,FYRE
5484,Career Academy Robotics - Wolf Pack
5486,Robotic Turmoil
5490,The Dark Byte
5491,Hard Reset
5492,Winner's Circle Robo Jockey's
5493,SMAbotics
5494,Bizarbots Robotics
5498,The Wired Devils
5500,Jaguars Robotics & ROVs
5501,Bobcats
5503,Smithville Tiger Trons
5504,The Loose Connections
5505,V2 - Volts Squared
5507,Robotic Eagles
5509,Like a Boss
5511,Cortechs Robotics
5514,MavBots
5515,Blue Power Robotics
5516,Iron Maple
5517,The Engineers on Fire
5518,Techno Wolves
5525,Alcona Tool Cats
5526,Type C - Peñoles
5527,Cyber Phoenix
5528,Ultime AGT
5530,The Greenhills Lawnmowers
5531,Orange Crush
5532,The Panther Bots
5533,Electric Horse Power
5534,Onaway Onabots
5535,Bionic Bison
5538,Vikingbots
5539,DVHS Cyborgs
5541,Sabers
5547,The Talons
5549,Gryphon Robotics
5550,BRONChO BOTS
5553,Robo'Lyon
5554,The Poros Robotics
5555,Spartans
5557,BB-R8ERS
5559,Gear Grinders
5560,Central Lake Trobotics
5561,Raider Robotics
5563,Phalanx
5564,GRANBOTS
5567,Code Red Robotics
5572,ROSBOTS
5576,Team Terminator
5577,Kinematic Wolves
5583,SistamatiK
5584,ICRobotics
5586,Bond Brigade
5587,Titan Robotics
5588,Reign Robotics
5590,Alumiboti
5596,Wolverine Robotics
5599,The Sentinels
5603,The WarriorBots
5607,Team Firewall
5608,Lassiter Robotics
5610,Turbulence
5612,Robo-Raptors
5613,ThunderDogs
5614,Team Sycamore
5618,PLS
5619,RoboJags
5623,Robotic Rams
5624,TIGER TECH Robotics
5635,Demacia
5638,JukeBots
5641,Byron Robotics
5642,Mumford Mechanical Mustangs
5648,FRC Team #5648 Melbourne RoboCats
5651,Maynard Jackson RoboJags
5653,Iron Mosquitos
5654,Phoenix
5655,KelRot
5658,STORMBOTICS
5660,Symmetrical Chaos
5665,SPARC
5666,Purple Lightning
5667,The Digital Eagles
5669,Techmen
5672,First Nations-STEM
5674,The Gearhounds
5675,WiredCats
5676,The H.E.R.O.E.S
5679,Girls on Fire
5683,R.A.V.E.N.
5684,Iron Mechs
5687,The Outliers
5689,CK Cyber Pack
5690,SubZero Robotics
5695,Heavy Duty Eagles
5697,Bearcats
5700,SOTA Cyberdragons
5702,Robotowatomi
5704,AUTOGOATS
5705,DESERT EAGLES - JOHN DEERE
5706,Tahquamenon Phenomenon
5708,Zebrotics
5712,Hemlock's Gray Matter
5715,DRC
5716,PrepaTec - Keybot
5719,Pink Titans
5720,Jagobotics
5722,Plutonium Panthers 5722
5724,Spartan Robotics
5726,RHUMBOTZ
5727,Omegabytes
5728,MC2
5732,ROBOTIGERS
5735,Control Freaks
5736,Kingsmen Robotics
5740,Trojanators
5744,RoboRunners
5746,Human Error
5756,REC'in Crew
5773,YAFL Mechatronics
5783,RoboDucks
5785,The Shield
5788,Eagle Spec Ops
5800,Magic Island Robotics
5801,CTC Inspire
5804,TORCH
5805,SMbly Required
5806,Basement Lions
5809,The Jesubots 5809
5811,BONDS
5813,Morpheus
5816,Gra-V Robotics
5817,Uni-Rex
5822,WolfByte
5826,Avis Automata
5827,Code Purple
5828,Flying Riots
5829,AwtyBots
5830,LIFE Engineering
5834,R3P2
5835,Sage Hill Robotics
5837,Unity4Tech
5841,The Patriots
5842,Royal Robotics
5843,Flurb
5847,Ironclad
5848,ROBO C3
5851,Striking Vikings
5856,Bullbots
5857,Walnut Valley Robotics
5860,Full Metal Muskrats
5863,Hypercubed
5866,Fe [Iron] Tigers
5869,QHHS Aqueducks
5870,League of Logic
5871,Chickadees
5872,WiredCats
5874,Prepa Tecmilenio Border Bots
5876,ARTEMIS
5878,The Great Lakers
5881,TVHS Dragons
5883,Spice Gears
5885,Villanova WiredCats
5887,PrepaTec-IMPERATOR
5889,Commandobots
5892,Energy HEROs
5894,J.E.H.S. CyberJags
5895,Peddie Robotics
5900,Career Blazer Robotics - The Fighting Mongooses
5901,Electric Eels
5902,The Wire Clippers
5903,ThorBots
5907,CC Shambots
5908,Spartans
5910,Supertronix
5912,Copper Hawks
5913,Patriotics
5914,Robotic Warriors
5918,Pumatrons
5919,JoCo RoBos
5920,VIKotics
5923,WildC.A.T.S.
5924,Golden Gate Robotics
5926,Da MOOse
5927,Globetrotters
5928,MetalBoost
5929,Raider Robotics
5932,Prepa Tecmilenio - Quetzales
5933,JudgeMent Call
5934,Crowbotics
5935,Tech Tigers
5937,MI Robotics
5940,BREAD
5941,Cast Iron Orcas
5948,PrepaTec - Lebotics
5951,Makers Assemble
5954,Portable Chargers
5959,PrepaTec - Titanium Rams
5962,perSEVERE
5965,Power Struck Girls
5968,Little Apple Cyborgs
5970,Beavertronics
5971,Raider Robotics Team
5975,Beta Blues
5980,East Grand Rapids Robotics
5982,Circuits of Destruction
5985,Project Bucephalus
5986,┌ Iron Fangs ┐
5987,Galaxia in memory of David Zohar
5988,Narooma High RoboRebels
5990,TRIGON
5992,Pirates
5993,Istech Robotics Society
5996,R.U.R.
6000,Firehawk Robotics
6002,ZooBOTix
6004,f(x) Robotics
6005,Cardinaltronics
6014,ARC
6016,Tiger Robotics
6017,PrepaTec - Cyberius
6023,DISCBOTS
6024,R Factor
6026,Tiger Strike
6029,Railbots
6032,Pirate Robotics
6033,Gadget Agents
6036,Peninsula Robotics
6038,ITOBOT
6044,Circuit Breakers
6045,Sabre Robotics
6047,Proctor Frostbyte
6055,BOSS
6057,Thunderbots
6059,System Overload Robotics
6060,Circuit Serpents
6064,IstanBULLS
6067,Underdogs
6068,Delta Overload
6070,Gryphon Machine
6071,The Aluminators
6072,Triton Tech 6072
6073,Cav-Bots
6076,ReVamp
6077,Wiking Kujon
6078,RoboRams
6079,JET SET
6081,Digital Dislocators
6083,Overlooking
6085,Green Devil Bots
6087,Cybertronic Lancers
6088,Stephenson Eagles
6089,Cyber Cougars
6090,Wayland Wildcats
6091,Eagle 1
6094,Manic Mechanics
6096,UPSM Cobrots
6097,Botcats
6098,bIrobot
6099,Knight Riders
6100,MS Mobots
6101,Strange Quarks
6104,Desert Eagles
6106,PrepaTec - TecGear
6107,CyberJagzz
6110,Doc Botics
6112,Cyberstangs
6113,M.A.R.C. 1
6114,Hamilton CyberHawks
6120,CyberStangs
6121,RoboVikes
6122,Potential Energy
6127,BHS Pumatrons
6128,M.O.T.O.R (More Than Our Robot)
6132,Iron Rangers
6135,Arctos
6140,SMT Titans - The 'Tita'BOTS
6141,O'Connor Robotics
6146,Blackjacks
6147,Tonkabots
6150,Bluebotics
6152,Robo-Falcons
6153,Blue Crew
6155,ElektraBots
6160,Bombatrons
6161,Equilibrium
6162,Cap Alpaca 6162
6166,Thorobotics
6167,CB Bearbots
6168,alzahrawi
6170,Prepa Tecmilenio Vitronik
6171,⚛ Chain Reaction ⚛
6175,EVW Mystery Machine
6180,Mechanical Lions
6181,Cryptic Cyborgs
6184,Capital City Chaotic Coders
6186,Hope BotCats
6188,Sting Robotics
6189,Cyber Raiders
6190,Cybernetic Crusaders
6191,RoboKryptonite
6194,The Aftershocks
6199,E-Hawks - Peñoles
6200,PrepaTec - XRAMS
6201,The Highlanders
6213,Team Quantum
6217,Bomb-Botz
6220,The Golden Griffins
6223,Arsenal of Engineering
6226,Blue Devils
6230,Team Koi
6232,Florya Bisons
6237,Martin Motion
6238,POPCORN PENGUINS 6238
6240,Eagles of the Knight
6300,The Northwoodians
6302,Greeneville High School Robotics
6305,Stable Circuits
6317,Disruptive Innovation
6318,FE Freedom Engineers
6322,ONECLAY A.R.M.O.R.Y.
6324,The Blue Devils
6326,⚡ Baltimore Bolts ⚡
6328,Mechanical Advantage
6329,The Bucks' Wrath
6333,Scavenger Robotics
6340,The Marist Manatees
6343,Steel Ridge Robotics
6344,Yale Jiggawattz
6345,Nimrod Nation
6346,Cybears Robotics Team
6348,PrepaTec - HORUS
6350,Clawbots
6351,Rundle College Robotics
6352,LAUNCH TEAM
6353,Zodiac
6357,The Spring Konstant
6358,The Buhlean Operators
6364,Ten Ton Robotics
6366,RAM Rodz Robotics
6367,The ElectroLights
6369,Mercenary Robotics
6377,Howdy Bots
6381,Red Raider Robotics
6390,Hephaestus
6391,Ursuline Bearbotics
6397,Romero Robotics
6400,The Manhattan Project
6401,8-bit RAMs
6402,GÖKTÜRKLER ROBOTICS
6404,Brazilian Storm
6411,Gravediggers
6413,Degrees of Freedom
6415,Gultepe Robotics Team 6415
6417,Fridolins
6418,The Missfits
6419,ICE
6420,Fire Island Robotics
6421,WarriorBots
6423,Ward Melville Iron Patriots
6424,Stealth Panther Robotics
6428,STEMINEERS
6429,4th Dimension
6430,Kalsedon
6431,NoktaParantez
6432,Valkyries
6434,Bossley Park High School Wolfgang
6436,PARS ROBOTICS
6443,AEMBOT
6453,Bog Bots!
6455,The Coded Collective
6459,AG Robotik
6463,Robotic Rams
6465,Mystic Biscuit
6473,Rock Star Robotics
6476,Supernova Star Squad
6479,AZTECH Robotics
6483,Prepa Tecmilenio - CHARGER
6487,Clockwork Knights
6488,RoboRams
6498,Castle Robotics
6500,GearCats
6502,DARC SIDE
6506,Steel Boot
6508,Hastings Heroes
6510,Pymble Pride
6512,Coastal Catastrophe 6512
6514,Sutton Robotics League
6515,Unimatics
6517,So-Kno Robo
6526,Cyber Rangers
6527,Short SirKit
6528,Terror Bytes
6532,TechnoPaths
6533,BeaverTech
6538,Linc-Bots
6540,Dynamo
6548,Perry RAMBOTS
6556,Spartan Robotics
6558,Aluminum Sting
6560,Charging Champions
6566,Battering Rams
6567,The Broken Drill Bits
6569,Gladiators
6570,Whiteford Bobcats
6574,Ferradermis
6586,Tuskin' Raiders
6588,Counter-Torque Robotics
6590,SaviTech
6591,Panther Powered Robotics 6591
6593,HyperDrive Robotics
6605,Prepa Tecmilenio -  Imperium Fons
6606,Prepa Tecmilenio Pink Hawks 6606
6608,Prepa Tecmilenio - ARCADIA
6610,Robot Roll Call
6615,Bellevillains
6616,Mechanical Pumas
6618,WARHBOTS
6619,GravitechX
6620,The Northmengineers
6621,Artemis
6622,Stan Robotix
6628,KMS BOTKICKERS
6631,Rocket Robotics
6632,Northview Robotics
6636,Full Metal Beavers
6637,BetaWolves
6639,The Mechanical Minds
6642,Harrison Stingers of Steel
6643,Walden Robotics
6645,Alloy Obsession
6647,PrepaTec - VOLTEC Robotics
6648,MechaSpartans
6651,Golden Bots
6652,Tigres
6657,Arborbotics
6658,Rockbotics
6662,FalconX
6665,C-Otters
6672,Fusion Corps
6676,Prepa Tecmilenio - Thunder Hawks - 6676
6686,Bionic Broncos
6690,MV roboPride
6691,Torque
6694,INNOBOTICS
6695,Alpha Knights
6696,Cardinal Dynamics
6702,PrepaTec - StingBots
6704,Mid Pacific Owl Robotics
6705,WildCat 5e
6706,Golem
6709,Spudinc Big Lake Robotics
6711,Millennial Falcons
6712,Mountaineers
6721,Tindley Trailblazers
6722,LED Robotics
6723,Mechanical Mounties
6725,Westminster WildBOTS
6729,RobCoBots
6731,Record Robotics
6732,BHS RoboRaiders
6738,Excalibur
6740,G3 - Glue Gun & Glitter
6741,Space monkeys
6743,Tiger Engineering
6744,MHS Pi
6749,tERAbytes
6753,CBA RoboKings
6758,Otternauts
6762,Oscats
6764,Flash Drives
6768,Denison Robo-Jackets
6800,Valor
6802,Mean Caimans
6805,CP4GP
6806,Mineola Wild Reds
6808,William Tennent Robotics
6809,Aviators
6814,Ellipse
6817,10 Factorial
6822,THE SHISHKABOTS
6823,USM Robotics - Wildcats
6824,LVA Robot Pigeons
6825,THE STRONGHORNS (FRC6825)
6829,Ignite Robotics
6831,A-05 Annex
6832,STEAMex
6833,Phoenix Robotics
6834,Bionic Warriors
6838,X-SHARC
6843,Guardian Gears
6845,River Bots
6854,Viking Robotics
6859,BML Robotics
6860,Equitum Robotics
6861,The Tyros Team
6863,Squirrels
6864,Gryphtech Robotics
6865,Manitoulin Metal 6865
6866,Markham Space Invaders
6868,Cadet Robotics
6869,Gladiateurs
6872,Panthera Ferro
6873,The Generals
6874,Mediterra
6875,Amazon Warriors  -  Build A Dream Robotics
6877,Mechanical Mustangs
6880,Universal Serial Brawlers (USB)
6882,Fahrenheit Robotics
6884,Deep-Space Robotics
6885,The Pilots
6887,Dalton Catabots
6888,Foothills Robotics
6894,Iced Java
6895,Mechanical Madness 4-H
6896,CABOTS - Fresnillo PLC - Conalep Caborca
6897,Astraea Robotics
6901,Knights Robotics
6902,STRIKE
6904,TeraWatts
6905,Raiders of the ARC- TEAR-A-BYTE
6907,The G.O.A.T
6908,Infuzed
6909,SAKURA Tempesta
6910,Mill Creek Steel Talons
6911,SO BOTZ
6914,Retro5ive
6918,Napa Cellar Rats
6919,The Commodores
6920,Force Fusion
6921,Technados
6922,Apache Genesis
6925,W.A.Robotics
6929,Cuivre & Or
6932,SMART
6933,Archytas
6934,Scorps
6936,Vault 6936
6940,Violet Z
6941,IronPulse Robotics
6944,Wolverines
6945,Children of the Corn
6947,Savage Tumaz
6948,EAGLES
6956,SHAM-ROCK-BOTICS ☘
6961,SIbots
6962,Antares
6963,Blood Sweat and Gears
6964,BearBots
6968,Team Pi
6969,Cyborgs6969
6974,Zia Robotics
6975,The Neil McNeil Brotherhood Bots
6977,Cyber Squad
6978,QuickStrike Niagara
6981,Clockwork Concord
6985,ENKA TECH.
6987,Falcon Automation
6988,ACI 35
6989,KAISER
6992,FrancoBots
6995,NOMAD
6996,Koalafied
6998,Unipards
7018,EOLOTICS - Peñoles
7019,Rubber Ducks
7021,TC Robotics
7022,ACE Robotics
7028,Binary Battalion
7030,The ROBOlympians
7031,Duanesburg Jr./Sr. High School
7033,Roosters 7033
7034,2B Determined
7035,MEF Thunders
7036,The RoarBots
7037,Jeunes D'Argent - FresnilloPLC
7038,Totino-Grace Pizza Pi's
7039,❌⭕
7040,POTROBOTS
7042,Poly Rabbotics
7045,MCCrusaders
7048,Red River Rage
7050,SARNIC
7054,SC Sailors
7056,The F.A.S.T. Team - Fowlerville Area Scientific Technicians
7058,StrathDroids
7064,Voltron Robotics
7067,Team Streak
7068,Mechanical Masterminds
7072,O.G.R.E. (Opelika's Greatest Robotics Engineers)
7077,Sundevils' Fire
7085,Paranoid Androids
7086,IOROBOT
7088,Somerset Robodogs
7091,Atlas Orbis
7094,Alpha Omega
7102,PrepaTec - Daedalus
7103,Robo Remedy @ Mantiowoc Lutheran High School
7104,Benedictine Military School Bot Brothers
7109,Clare Chaos Theory
7110,Heights Bytes
7111,RAD Robotics
7112,EverGreen
7115,Red Lion Bots
7117,Robotic Dragons
7119,Sunset RoboBison
7121,Keller Fusion Robotics
7125,Tigerbotics
7127,LongMetal Robotics
7128,XLR8
7130,Future Shock
7135,System Reset
7136,Twisted Frames
7137,Project 212
7138,Wing It
7145,Robocanes
7147,Falcons Senior Robo Team
7153,Aetos Dios (Eagles of Zeus)
7154,TheROK
7155,The Robotic Rangers
7157,μBotics
7160,Ludington O-Bots
7161,LeopardBots - Peñoles
7165,Perkins Pirates
7166,Red Thunder Robotics
7167,Spectrum ThunderBots
7173,Garibaldi Robotics
7174,Charger Robotics
7177,Amal tayibe
7178,Yeti
7183,W.A.R.
7188,SaddleBots
7190,Vancouver Rainstorms
7191,Gator Nation Innovators
7195,Twin River Robotics
7196,Tech Tigers
7197,Mountie Megabots
7198,TL Fearsome Gears
7200,Banting Robotics
7201,Crobotics
7202,Cyber Orioles
7203,21st Century Cyber Bearcats
7210,RoboJackets  7210
7211,Hollywood
7214,Tiger-OPS Robotics
7220,Steel Falcons
7221,Viking Robotics
7224,RoboDrakens
7225,Mechatronic Mustangs
7226,Error 404
7228,Tigers
7230,Mythic Mechanix
7235,Red Lake Ogichidaag
7237,UniBots
7243,Robo-Lobo-Bellos
7245,LionBot Robotics
7247,Error 404
7248,Tactical Hams
7250,OsCODEa 0w|5
7254,Knowmads
7255,Mechanical Mettle
7256,Irish Robotics
7257,Semiconductors
7271,Hangar 84
7272,Envirobots
7273,ZooM 7273
7274,Brashear Bulls Robotics
7287,Esquimalt Atom Smashers
7288,NOMMA D3V1LB0TS
7289,Blue Eagles
7292,HITTITE ANGELS
7309,Green Lightning
7312,T3
7314,Tornadoes
7318,Nanuet Knightronz
7321,Águila Robótica
7323,TriTron
7327,Metal Jackets
7332,Vancouver Puddle Jumpers
7401,DevTech117
7403,Lightning Blue Lizards
7407,Wired Boars
7413,Plus Ultra
7414,RetroRobotics
7415,Jaguar Robotics Sponsored By Feit Electric
7417,Bionic Bombers
7418,Channelview TechnoFalcons
7419,T.E.C.H. Support
7421,PrepaTec - OVERTURE
7423,GrizzBot
7425,Green Valley Robotics
7426,PAIR OF DICE ROBOTICS
7428,Gigawatts
7431,Wingspan
7433,Iona Fusion
7436,8-Bit Miners
7439,Qubit Robotics
7441,EVO Robotics
7443,Jag-Wires
7444,MOON STAR ROBOTICS
7447,Rōnin Robotics
7451,AvengerRobotics
7452,Dupo Tigers
7454,Huskies on Hogs
7457,suPURDUEper Robotics
7458,Senior Robotics Team
7459,Taubatexas Robotics
7460,Avi and Friends
7461,Sushi Squad
7464,ORION
7465,Magnetech
7466,Cymurghs
7470,iRAMBOTS
7471,Robo Montagnards
7472,R2 Jesu Robotics
7475,WIRED Team 7475
7476,EOM Robotics 7476
7477,Giddy GOATS
7479,Cardinals Robotics
7480,Machine Mavericks
7483,Mechanically Challenged
7485,Mo Co Robo
7491,Cyber Soldiers
7492,CavBots
7496,Robo Indians
7497,MARAHO
7500,MARAUDERS
7501,Golden Gears
7503,Radicubs
7504,CyBearBots
7506,WILDCARDS
7509,Brainstorm Robotics
7514,EVE Robotics
7515,Dark Side Robotics
7516,Louisville Centrons
7520,Team MineKee
7521,ULTIMATE Robotics
7522,MAKE1ROBOT
7525,Pioneers
7528,Nuts and Bolts
7530,B.O.S. Robotics
7531,Servos Strike Back
7534,Dragonflies
7536,ANKA ROBOTICS
7538,Metal Mountain
7539,Elev8
7540,Timberwolf Robotics
7541,Maple River Robotics
7546,Prepa Tec - MinerZ
7551,Extreme Mechanism
7553,OSTC -  SWEET BOTS
7558,ALT-F4
7560,Meteor Bots
7561,Blue Flamingos
7563,SESI SENAI MEGAZORD
7565,SESI SENAI ROBONÁTICOS
7567,SESI SENAI OCTOPUS
7570,New Tech
7575,Stark Robotics
7576,FMWill
7577,VELABOTS - Peñoles
7578,Quantum Mechanics
7583,Embers
7587,Metuchen Momentum
7589,Lishan Blue Magpie
7597,Team HorsePowered
7598,SCA Constellations
7602,Agri-bots
7603,VESPA ROBOTICS #7603 - Bill Hogarth Secondary School
7605,ASTRO
7607,The Blackbirds
7611,AMAL HAWKS
7616,Cerberus
7617,RoboBlazers
7619,illumiBOTi
7621,Iron Rangers
7623,Morebotics
7627,Bearcat Robotics
7632,An Kang Robotics Maker
7634,New Hawks
7636,Robomania
7645,NK MTC
7652,MiamiBeachBots
7653,Minebots 7653 - Fresnillo PLC -CECyTE 18 Ciénega
7654,Robot In Box
7656,MC Hammers
7657,ThunderBots
7658,MagiTech
7659,HNMCS Robotics
7660,The Byting Irish
7662,3RingCircuits
7667,OtterBots
7668,GatorBots
7669,Techno R4v7ns - Peñoles
7671,Fire Hazard
7672,SCORPIONS ROBOTICS
7673,Formosan Sika
7674,RaiderBots
7676,THS RoboDogs
7677,Bodacious Bulldogs
7682,FUSION ROBOTICS
7683,Harmonia
7686,Acabots
7687,Corcebots - Peñoles
7688,Creekside Robotics
7690,Ironworks Robotics
7691,TSA All Stars
7692,Beach Bums  7692
7694,THE IRON LIONS
7700,West Tech Paladins
7703,RoboBears
7709,Formosa Pangolin
7712,ACCN UMOJA
7713,Norse Code
7716,JLW Formula 01
7717,Steam Punks
7718,HVPA Dragons
7722,Resurrection MechaPhoenix
7724,Molokai Robotics
7725,PrepaTec - NUTS & VOLTS
7729,RAMs
7730,uNReal
7737,RaptorBotics
7738,Helion
7742,Cosmos Robot Works
7744,Wild Cards
7747,Hancock High Tech
7748,TECHTOLIA ROBOTICS
7755,Phantom Circuits
7757,Atomic Dishwashers
7758,MEVOLUTION
7759,Bulldog Bytes
7760,Griffin Innovations
7762,AutoPilots
7763,Carrborobotics
7768,The AutoMatons
7769,The CREW
7770,Infinite Voltage
7772,The Lucky 7's
7777,Septobots
7782,Wolverine Circuit Breakers
7784,Vassar Voltage
7790,Baywatch Robotics
7794,Marion Eagle Engineers
7796,Breaker Robotics
7797,Cloquet's RipSaw Robotics
7808,Kalkaska Dragoneers 7808
7809,Valhalla Nation
7810,Eagle Robotics
7811,Flamin' Hot Tigers
7813,New Haven Rockets Robotics
7814,RV Gearheads
7818,Williamston High School Vespidae
7826,Marquette Zetabotics
7833,FALCONS
7840,EMONER ROBOTICS
7845,8BIT
7848,WI-FIghterz
7849,Da Vinci's Creation
7850,C.A.R.D.S.
7855,Chronic Robophobia
7856,UPAD  Fusion
7858,Warriors
7864,North Woods Robotics
7865,Hope of Detroit Robotics
7869,The Fun Gang
7885,Panther Tech
7886,Cadet Robotics
7890,SeQuEnCe
7895,Trobots
7900,Trial N' Terror
7902,Markham FireBirds
7903,Rochester Prep
7906,Underdogs
7907,Spartan Robotics
7911,Belding Scrapcat Robotics
7913,"Bear"ly Functioning
7915,Ripon Robotics
8005,Mega MeadowBots
8006,The Phantoms
8011,Guangzhou Wayi
8012,APEX Robotics
8013,Boston Lions
8015,The Cheetahs
8016,Eco Robotics
8019,Patriot Engineering
8020,CyberpunK
8022,Raging Hawk Robotics
8023,Argonauts
8024,Robotans
8029,Steel Bronco Robotics
8030,Scrapbots
8032,SAASquatch Robotics
8033,Highlander Robotics
8041,Lake City Ultrabots
8042,Fenrir
8044,Denham Venom
8045,CVHS First Robotics: The Wallace Dynasty
8046,LakerBots
8048,HH East Palo Alto Churrobots
8051,TinkRex
8054,FLARE
8056,Laissez Faire
8057,All Wired Up
8058,IEL ROBOTICS
8060,Command B
8064,Imperial Watch
8066,WOLF ARMY ROBOTICS
8067,Alpha Lab
8069,Super Hornets
8070,CyberGriffins
8075,CyberTigers
8077,Delmar Robotics Engineers At MADE (DREAM)
8079,River Robotics Team
8080,Sequoyah Robotics
8081,UMEI Lightning Robotics
8084,ALFA ROBOTICS
8085,MOJO
8086,Robo Warriors
8087,Cougar Pride Robotics
8088,Bionic Panthers
8089,Rockway Robotics
8090,Mavnesium
8096,Cache Money
8100,Grayson Robotics
8103,Knight Robotics
8105,Apollo Black Cat - Peñoles
8112,Cyclotrons
8114,Rocketeers
8115,Platinum Peacocks
8116,Hatchet Robotics
8117,The Easton RoboRovers
8118,Gearing With Grace
8119,TigerBotics
8122,Mechanical Mustaches
8124,BearBots
8126,Control Freaks
8127,Team Rabyte
8130,Absegami Robotics
8132,Sysmik
8137,Byting Bulldogs
8140,RoboManiacs
8144,Red Chair Robotics
8145,Tech Warriors
8146,Albatros OSTIMTECH
8151,Wildfire
8152,Escouade
8153,Tech4Peace
8158,Bosphorus Robotics
8159,Golden Horn
8166,ROBOCUBE
8169,Aries
8173,Brighton College Gear Zero
8174,BityBots 8174
8175,Piece of Mind
8177,Vector
8179,Robo Falcons
8182,Loth Robotics
8188,Grand Force
8193,The Steel Stingers FRC
8205,Mind Over Metal
8209,SEZMECH
8214,Cyber Unicorn
8220,Space Tigers
8222,The Argonauts
8223,Mariners
8224,Vanguard Robotics
8230,KoiBots
8234,Panthinators
8243,AstroCircuits
8248,ChainLynx
8255,Robodogs
8261,PROGRESSUS
8263,Robin
8264,ATA ROBOTICS
8266,Owlbot - Peñoles
8267,Riptide Robotics 8267
8276,ETECHNOLOGY#8276
8280,K9.0 Robotics
8285,Bionic Bulldogs
8286,Farwell Robotics
8290,Jaegers60 - Peñoles
8291,Yellow Experience Bateil - Peñoles
8293,Prepa Tecmilenio - Startech
8297,WIHI Robo Wolves
8298,Mighty Morphing Banana Slugs
8300,Titan Robotics
8302,Ni-Tro
8303,GatorBytes
8304,Robot MaSTrs
8308,GFLRobotics
8324,MECO Robotics
8326,GDS Mighty Hoppers
8334,Titan Robotics
8338,Boucherie Bears Robotics
8339,Penticton Robotics
8349,Newbotics
8352,CODE Gold
8362,Circuit Breakers
8364,Rising Stars Academy - Nebulas
8369,Coyotech Robotics
8370,Glow With The Flow
8372,HCN Storm
8373,The Flying Octopi: 8373 R.R.T.
8374,Bongo Bots
8385,Metal Madness
8387,MECH Mavericks
8392,Mac Attack
8393,The Giant Diencephalic BrainSTEM Robotics Team
8397,Astrobots
8404,SKYWALKERS
8408,Kiss Kats
8410,Oyster River Overdrive 8410
8421,CRUSADERS
8422,Husky Howlers
8423,Next Express
8424,Tractor Technicians Next Gen
8426,Automated Amphibians
8427,Protobots
8429,Valence Robotics
8430,The Hatch Batch
8500,TNT Robotics
8503,Raid One
8507,Jagwire Robotics
8512,Manzano Monarchs
8513,Sisters 1st
8514,Junior Squirrels
8515,Photon
8516,Wired Up
8517,Bounty Hunters
8519,Iron Eagles
8521,CyberLions
8522,SHS - Robos
8528,AstroChimps
8531,TermiKnightors
8532,Classified
8533,Rancho Reapers
8544,Reinforcement
8546,Linebreak
8551,RoNex
8556,Lion Robotics
8557,ConquEra
8558,Prepa Tecmilenio Golden Hawks
8561,Cartesian Robotics
8564,Disco Ducks
8567,Team Ultraviolet
8569,Zhonghe
8570,Binary-Bolts
8572,Tech Inheritors of Al Khwarizmi
8573,Rogue-Rangers LEGACY
8574,Audeamus
8575,The Due Westerners
8576,Golden Warriors Robotics
8577,Georgia Cyber Academy Champions
8581,PizzaByte Robotics
8584,Infinity Robotics
8586,Firebirds Robotics
8588,Tech Devils
8590,CAVBOTICS
8592,Newton²
8595,This Is How We Play
8598,Electro-Knights
8600,Kernel Panic
8604,Alpha Centauri
8608,Alpha Bots
8610,Lanier Voks
8611,Cyber Patriots
8612,Calvin Christian Robotics
8613,Barker Greybacks
8615,SAZANKA Robotics
8622,The CyBirds
8623,Michigan FC
8624,The Bots Who Say "Ni!"
8625,MHS Eagle
8626,Cyber Sailors
8628,Newark School of Global Studies
8630,CAP ROBOTICS
8700,W.I.R.E.D
8701,GRAFFITI
8704,LCMR
8705,Sci Tech FRC
8706,Malcolm X Shabazz Bulldogs
8707,The Newark Circuit Breakers
8708,Ov3R1y K0Mp13X
8709,Pathfinder Tech
8711,The Midnight Ostrich Runners
8713,Nordonia Knights
8714,Robo Griffins'
8717,Cyber Vipers
8718,Tigerbotics
8719,Oakville Dynamics
8721,DAIS NAID 8721
8724,Mayhem
8725,MistyPanther
8726,CryptoHawks
8727,Glitch 2.0
8728,Argonauts
8729,Sparkling H2O
8731,Wild WYRE
8732,Trinity Force
8734,Prepa Tecmilenio - BATS
8736,The Mechanisms
8737,Rocket Rampage#8737
8738,Slice
8739,Redhawk Robotics
8740,Prepa Tecmilenio - Quantum Force
8742,Argyll Attack
8744,Leviathans
8746,Knights
8749,Farmersville  Robotics
8750,Tarpontron1cs
8753,Spectre
8756,Magic Valley Logic Control
8757,GeodeBots
8758,Tar-Robo Turtles
8761,AHS Tiger8761
8764,Thunder Robotics
8765,Parallel Units
8766,The Black Machine
8767,Dark Horse Robotics
8768,CTEC Titans
8769,G.O.R.T.s
8770,FireBolts
8771,PioTech
8772,Magic City Wizards
8773,Robo Rams1
8774,REST Robotics
8775,Creekside
8777,SafranTech
8778,HSUWerx
8780,TED ROBOTICS
8782,TroBotics
8783,Apeiron
8784,HEVSEL
8787,Mavericks
8788,Special Forces BallistaBots
8789,The Lost 10mm Sockets
8790,Departure
8791,Mighty Patriots
8793,Pumpkin Bots
8795,The Chaotics
8796,MEF Robotics
8798,DAMAS ROBO
8799,IZELMAN ROBOTICS
8800,INDUSTRY ROBOTIC
8802,Milwaukee United
8803,MechaMarines
8804,Cyber Bears Robotics
8805,NKST36
8806,Our Lady of Providence Dream League
8808,SWLA Tech Pirates
8814,Blackhole
8815,Barnstormers
8816,Coyotronics
8817,Buccaneer Robotics
8818,The Foe - Foe Engineering Group
8819,The ARC-TECH BEARS
8821,TVRT-Trojanbots
8822,Lc3 Thunderbirds
8824,Wapello Royalty
8825,Team Eagle Eyed
8826,Parkway Eagles
8827,The Cougar-Trons
8832,AutoDawgs
8836,Wayne Enterprises Inc.
8839,Shoshone Robotics
8840,Bay Robotics
8841,OTTER
8842,SAR
8844,Flamethrowers
8847,Milwaukee Cyber Cheese
8848,Blu CRU
8849,Storm Robotics
8852,Drew Robotics
8853,Yukikaze Technology
8858,Beast from the East
8861,06ANGORA
8863,ANATOLIAN DEAF ETERNALS ROBOTICS
8865,Dacula Droids
8866,Innovation Robotics
8870,RedCards
8871,Saber Dynamics
8872,JJSJF / Gwinnett-NSBE Jr. 'SPECIAL OPS'
8873,Rockefeller Robotics
8874,The Cybirds
8878,ArrowBot
8879,REDBird Robotics
8880,Terra Cyborg
8882,Infinity BR
8884,Knight Owls
8885,Socratic Schematics
8887,West Central Area
8888,Flying Lions
8889,Project W
8891,Wild Raccoons
8895,Redwolves Robotics
8896,Wolf Tech Robotics
8898,Royal Rebel Robotics
8899,Eagles
9001,Delta Force
9002,RoboFalcons - Foothill High School
9003,TuTu Turtles
9004,Milliones Mega Mechatronic Wildcats
9005,Avian Robotics
9006,Crescent Wing Robotics
9007,MIT (Muskogee's Innovative Team)
9008,G-Force Robotics
9012,Team Waffles
9015,Questionable Engineering
9016,Syosset Robotics
9018,ElRobotiKO
9019,Ko'olaupoko
9020,Galatasaray Robotics
9021,uSELESScASE
9022,MC Robotics
9023,Future Martians
9024,Callister
9025,Mechameleons
9026,Aero
9027,PATH to Domination
9028,GFORCE
9029,Team NF
9030,MecHack
9031,Wildbots
9032,RoboWhales
9033,Ocebots
9034,The Space Dolphins
9036,Ramen Robotics
9037,HHS Black Ops
9038,SF UNITY
9040,Sunset Robo Knights
9042,SOARIN
9043,Valkyrie
9044,TeraViks
9045,North Lions SESI/SENAI
9046,SESI SENAI BBTECH
9047,TechMaker Robotics
9048,SESI/SENAI P0t1BOT (Potibot)
9049,SESI SENAI STEAMPUNK MONKEY FRC
9050,Tucanus
9051,G-P Robotics: Symbiosis
9053,Prepa Tecmilenio - Iron Hawks
9054,Johnson City Joules
9055,Knights of Katahdin (Ka TAH din)
9056,CyberHuskies 9056
9057,G.I.R.L.
9059,COLTech Robotics
9060,Prepa Tecmilenio - Desert Robotics
9061,Mechanical Mutts
9062,Critical Circuits
9065,Prepa Tecmilenio - SpaceHawks
9066,Cavalo Vendado
9067,The Goonies
9068,The Chargers
9070,CELESTIAL
9071,SlicerTech
9072,TigerBots
9073,Skol Robotics
9074,Roboant
9075,Wapakoneta High School (WHS) Robotics
9076,Villaciraptors
9077,The Crown
9080,ENIGMA
9081,Bluetonium
9082,No Limit
9084,Octobots
9085,SESI SENAI MEGA HARPY
9086,Wildcat Robotics
9088,Mark Infinity
9089,ACS Phoenix
9091,A.W.E.
9092,Tower Robotics
9093,Veritas Robotics
9094,The Earthquakers
9095,Potentia
9096,Bad Weather
9097,MachBusters
9098,FireHawks
9100,Robo Roses
9101,Green Mountain Robotics
9102,CyborgBulls
9103,Prepa Tecmilenio THUNDERVOLTS
9105,TechnoTalons
9106,Spires
9110,Atomiic
9111,Pyro Mechanics
9112,RoboRavens
9114,Rotationaries
9116,The Canucks & Bolts
9119,Iron Legends
9120,Silverbot - Fresnillo PLC
9121,Mavericks
9124,GESTO ROBOTIC TEAM
9125,Mechanical Magicians
9126,Silver Hawks
9127,EOM Robotics 9127
9128,ITKAN Robotics
9132,Basaksehir Teknoloji Takımı
9134,Prepa Tecmilenio - DEVOLT
9136,Rampage
9137,Bionic Vipers
9138,Robo Hawks
9139,Reserve Robotics
9140,The Robobots
9143,Armor Robotics
9144,Helix
9146,Burnouts
9147,The Joebots
9148,Atlas
9149,RoboCats
9150,Labyrinth Robotics
9151,RoboLynx
9152,Rat Fight
9153,Bearcat Robotics
9155,New Tech Kraken
9156,Trojan Robotics - The Blacksmiths of Troy
9157,Iconic Panthers
9159,SHAGO ROBOTICS TEAM
9160,YAL THUNDERS
9162,ALL MIGHT
9163,HYDRA
9164,Tech Vikings
9165,Starbots FRC
9166,TecRobot
9168,AGROBOT
9169,AGROTECH
9172,Robo-Sharks
9174,ROBOKIRAC
9175,BrainMachine-FRC
9176,Greenspire Steel Sturgeons
9178,Cyber One
9179,Ballou Robotic Knights
9180,GHS Robotics - Ursa Major
9181,PlatyPirates
9182,Tech Tr1be
9183,RoboComets
9185,PL ROBOTICS
9188,Pantherbots2
9189,Disastrous Data
9193,Short-Circuited Eagles
9194,Gemin√-1s
9195,Team ProdiXy
9196,FERRÃO DE ARRAIA
9198,The Beach Botz
9199,SESI SENAI SHARKS
9200,SESI SENAI STARDUST
9202,Silicon Valley Technos
9203,Quake
9204,Aluminum Armada
9205,Technical Marauders1
9206,GRP Titans
9207,Redneck Robotics
9208,Eddies Circuit
9209,Falcon Force
9210,Fighting Falcons
9211,ACCE Underdogs
9212,Infinity
9213,TECUANI
9215,T-Town Tech
9218,Alpha Technology
9219,Nine Tails
9220,Geekos
9223,Brick and Mortar
9225,Wired Wildcats
9226,GRemlins
9227,Backwoods Bots
9228,The Cougar Coders
9231,Haydarpasa Panthers
9232,IBBTECH
9233,Luminous Robotics Team
9234,Les Aigles d'or
9235,ThunderBolts
9237,Swartz Creek Dragonators
9238,Jaybots
9239,Panthers robotics
9240,Hydra
9241,EV ROBOTICS
9242,Hamady Hawks
9243,Maniac Robotics
9244,Belize IT
9245,Laker Dreadnoughts
9247,SainTech Robotics
9248,Orchard View Cyber Cardinals
9249,Copper Country Cats
9251,Spartan Robotics
9252,Wingspan
9255,Botmasterz
9259,WAATBOTS
9260,Built4Bibb Robotics
9262,Humberside Huskies
9263,ALD Lions
9269,IGNITE Pathways Robotics
9271,Cyber Porpoises
9277,Sparkans
9280,PrepaTec - High Altitude Robotics
9281,FaroTech
9282,PrepaTec- SINAVOLT
9286,The Oaker Association
9287,Bionic Bengals
9289,Vikings
9292,Zen Maker Robotics
9295,Harlem Rails
9297,BOGOBOTS
9298,Greeni3s
9300,Olympians
9301,PrepaTec Chihuahua - MechRams
9302,Northstar
9303,PO®️TAL to GOATland
9304,legend's
9305,MonT
9307,Spicy Chihuahuas
9309,Eleanor McMain
9311,Warhorse Robotics
9312,NERD Spark
9313,ROBOhana
9314,Middleton Berserker's
9315,Coding Comets
9316,CUBATRONICS
9400,BagelBytes
9401,Midas' Mayhem
9402,Explorer1
9403,Starstuff
9404,Forge
9405,KNOS Robotics
9406,TechJunior
9407,Heatwave Robotics
9408,Warbots
9409,Caelum
9410,PowerHouse
9411,Rhapsodia mechanicus
9414,RAMS Robotics
9415,The Westinghouse Bot-Dogs
9416,I.Θ.W.A.
9418,Pastabots
9419,Team Vulcan
9421,Carmel Robotics
9422,Team Forza
9423,SL Robotics
9424,E.O. JAG BOTS
9425,Intra Milwaukee
9426,Galena CLAWBOTICS
9427,IDeer
9428,Springfield Robotics "The Cashew Chickens"
9429,NEACTC Tech Titans
9430,CTEC Robotics
9431,Snider Panthers
9432,Team 8-Bit
9433,Lil' Timmy's Big Team
9435,Pure Imagination 2.0
9436,Pointr Giro
9437,Cosmonauts
9438,Leopard Tech
9439,Knights of Polaris
9440,Bolts&Nuts
9441,Arcura
9442,Miso Mechanics
9443,Aluminum Panthers
9444,Perseverance
9445,The BraveBots
9446,C Cubed
9447,AsoTech Robo-lation
9448,Wave Wranglers
9449,Yellowjackets
9450,Velocity Raptors
9451,Aydos
9452,LHS Steel Stingers
9453,#MSD Mount Vernon Wildcats
9455,DinoMights
9456,Nunez Robotics
9457,Matronic Circuits
9458,SESI SENAI JACTECH
9459,SESI SENAI RPRT HAWKS
9460,SESI SENAI STEEL BULLS
9461,SESI SENAI MecaChronos
9462,Toefur's Titans
9464,Başakşehir Robotics
9467,ÇeViK
9468,Team Sirius
9469,LUMOS ROBOTICS
9470,Ctl Alt Defeat
9471,EF Academy
9472,K2C Robotics
9473,CYGNUS ROBOTICS
9474,3R (Red River Resistance)
9475,Mon Valley Mammoths 4
9476,CYBER TIGERS
9477,Lambda
9478,Robo-Colts
9479,CREDENTIS
9480,Gear Bears
9483,İstanbul Wildcats
9484,Robot's District
9485,HYOBOTS
9486,ALPHASTORM FRC
9487,KRYPTON FRC
9490,TAC BEARS
9491,Silver Creek
9492,LadyTalons
9493,TechWasps923
9494,Hanabi
9495,TechKnow Difficulties
9496,LYNK
9497,NIMBLE PANTHER
9498,ZENSHIN Robotics
9499,KánariTech - Fresnillo PLC
9500,G28 Robotics
9501,Sidereal Envoy
9502,Idigna
9503,EF5 CHAOS
9504,Gunderson Grizzlies
9505,Best of Tech
9506,MECHS Robotics
9508,MOGUERA
9509,YPIE 2024
9510,Medusa
9512,Horsepower
9513,Circuit Crew 9513 - Caterpillar
9514,Blanson P-TECH/Gryphon Technik
9515,Carver P-TECH/Gryphon Technik
9516,Davis HS/Falcon Furious
9517,Eisenhower HS/Gryphon Technik
9519,MINERVA ROBOTICS
9520,Rock-it Robotics
9521,Humble Rumble
9522,Archimedes
9523,Archers
9524,SHS Cardinal Chaos
9525,NileTech
9527,WIHS TEAM
9528,The Wolf Pack
9530,Adams 23
9532,Messy Bees
9533,Melissa High School
9534,Wolves Robotics (Basic HS)
9535,The Knack
9538,Stallions
9539,Junk Bots
9541,M-stee (squared)
9542,Technodogs
9543,Harlan Robotics 23
9545,CARACAL ROBOTICS
9546,Techno Leopards
9547,Lotus
9548,NASA Bark River Bronconaughts
9549,The Mechadogs
9550,KSS STRIX Robotics
9551,Tiger
9552,Rambotics
9554,Portage Pythons
9555,TEAM HELIOS
9558,The Steel Vipers
9561,Dawson Dino Nuggets
9562,Reding Robotics 9562
9563,STEAMex USA
9564,Taishan Robotics
9565,CEZERİ
9566,Red Storm Rookies
9567,StormBreakers
9568,Leland Comets
9569,Milliken Mills Silver Knights
9570,EH Pirates
9571,Patriot Prime
9572,CC Shambytes
9573,MMHS
9574,Rock Bots
9575,Silver Robotics
9576,Loretto Lightning
9577,Recoil
9578,Player One
9579,Tech Devils
9580,#ChangeTheNow
9581,Bad Wolf 1
9582,HHS NASA Snaggbotics
9583,Lavender Robotics
9584,Spartan Squared
9585,RobUL
9586,Anglebotics
9587,STEMgc
9589,MCS Innovators
9590,Bison Tech
9591,DESTAN
9592,Blue’s Bolts ‘n Bots
9593,Rhinos
9594,Ashley  Bears
9595,ECHO
9597,Luban Robotics
9598,Flint
9599,Colorful Panda
9600,X-Flare Robotics
9601,BageTech
9602,CANINTECH
9603,MTECH
9604,TUIUTECH
9605,Creek Commanders
9607,RJR Cyber Demons
9608,Power Ponies
9609,Paraducks
9610,Blue Ivy
9611,SESI SENAI SC CyberRain
9613,Lion's Byte
9614,ROBOSSAUROS
9615,Redlands Robotics
9616,Opus Orion
9617,Metal Knight
9618,Tronarchs
9620,Eltynien
9621,Payload
9622,GRIDLOCK
9623,U-Turn
9624,Dynamiques Collège Charles-Lemoyne
9625,WOLFS ROBOTICS
9626,JagWire Robotics - NASA
9627,Yellow Haze
9629,Hibana Technology
9631,Chargers
9634,South Bay Robotics
9635,Cyber Rabbit
9636,Space Junk - Sponsored by NASA
9638,"Tigers, Bro"
9639,Sibley-Ocheyedan
9641,Robotics71
9642,I.N.T. Robotics
9643,Lady VOLTAGE
9644,NEIA Robotics
9645,POC
9646,The Marinators
9647,Ladybug
9648,Tigers Robotics
9649,Mulgrave Robotics
9650,Mio-Ausable Thunderbotz
9651,Ecorse Robo Raiders
9653,O.V.R.T (Ohio Valley Robotics Team)
9654,Kelly Trojans
9655,Shallowater
9657,SESI SENAI BATROBOT
9658,Camber
9659,Vanier Vikings
9660,Delgado Community College Dolphin Robotics
9661,Huskie STEAM
9662,Valley Lutheran High School Chargers
9663,Offshape Robotics
9664,Boogie Bots
9665,Vanderbilt Area Schools
9666,AAE Knights
9667,ITEM # 9667 Independent Team of Engineers that Meet
9668,West Robotics
9669,Regina Riveters
9670,The 4-H NASA Gadgeteers of St. Johns County
9671,Godwin Heights Robotics
9672,Colon Magi Robotics
9673,Ithaca Volt Vespids
9674,Trojan Power Robotics
9675,COLOSSUS
9676,Hub City STEAM
9678,Jamosti
9679,Madison Eagles
9680,SIA Phoenix Rising
9682,(un)Kn0wledgeables
9684,Cardozo Unstoppable 2024
9685,Crystal Oscillator
9690,Defuse Robotics
9692,Sigma
9693,Miami Dade College Sharkbotz
9694,TUBITECH
9696,Hami NASA_Yankatrons
9697,Bionic Bucs
9698,Boys & Girls Clubs of Northeast Florida Robotics Team
9699,Bayou STEM
9700,YMCABattleJacks
9701,Crosswired Robotics
9702,Nexus Robotics
9703,Q_Bots
9704,igKnighted
9705,EastRamapo
9706,R^3   (Redwood Ranger Robotics)
9707,River Mill Academy
9708,SciPort NASA FRC
9709,Isotope
9710,Discovery PolyBotz
9711,TCA Robotics
9712,Team Iron Sharks
9713,The NASA Martins
9714,High Altitude
9715,Tsinelas'
9716,IT Kids Robotics
9717,Poultronix
9718,Wookie Mistakes
9719,ThunderTech Robotics
9720,Metal Head Robotics
9721,Redhawk Robotics
9722,Polar Robotics
9724,TBD
9725,young law
9726,Notus Pirates
9727,Warrior Robotics
9728,BGCCF Joe R Lee Branch
9729,Knights
9730,Metal Maniacs
9731,All Saints Cougars
9732,The Rainbow Junkyard
9733,Gold Diggers
9734,Jasper County Robotics
9735,Electric Dragons
9736,Trash Bandits
9737,One Stone Innovators
9738,Ionic Bond
9739,Firefly
9740,CAN://Bus
9742,Walkerville Wildcats
9743,MV TITANS
9744,Breithaupt Bulldogs
9745,Lazer Sharkz
9747,Center Line High School Panthers
9748,Ann Arbor Academy Blue Herons
9750,ED Robotics
9751,OIA Panthers
9752,ITKAN Robotics Jr
9753,Team Success
9754,Vestabots
9755,Red Devil Robotics
9756,Robo Panthers
9757,Mecha Marauders
9758,Pantron-X
9759,Forge of Falcon
9760,Cristo Rey Jesuit Trailblazers
9761,LSMSA Robotics
9762,Blue Ridge Bots
9763,Cast Iron Clippers
9764,Maritime Marauders
9765,LCS Cougars
9766,Northridge Vikings
9767,Magnificat Blue Streaks
9768,ROBOKNIGHTS
9769,Toronto Prep
9770,Victory Church of Christ Robo Knights
9771,Frankfort Panthers
9772,Titans Robotics
9773,Wakefield - Marenisco
9775,Ravens
9776,GA Robotics
9777,Knights of the Lab Table
9778,Horizon Hawks Robotics
9779,Gladiator Robotics
9781,Northgate High School Robotics Club
9782,Wextech Titans
9785,Alectrona
9786,MHS Wolfpack
9787,Fathom Robotics
9788,Martin County TBD
9789,Platinum Ringleaders